index,tweet_id,veracity,text,favorite_count,retweet_count,created_at
100003,1254923219359936512,false,"Excellent, devastating story. Anyone who says covid-19 is ‚Äújust like the flu‚Äù needs to read this https://t.co/c1UaBU9lU1",0,0,2020-04-27 23:59:45+00:00
100003,1256064242572300293,false,"Had a grown man today tell me: 
1. He refuses to watch news, all liars, all of em
2. Can‚Äôt believe any numbers, all‚Ä¶ https://t.co/XvDKCvKbKm",11,0,2020-05-01 03:33:46+00:00
100003,1253362977828294657,false,"When will you apologize for hawking hydroxycoriquine, or the Seth Rich conspiracy theories, or that Covid 19 is jus‚Ä¶ https://t.co/8a1oACSSA9",1,0,2020-04-23 16:39:54+00:00
100003,1253183292947550208,false,"#IsAMassiveUnderstatement 
covid 19 is just like the flu https://t.co/AkgyNHXfab",2,0,2020-04-23 04:45:54+00:00
100003,1252636346134355968,false,just had an encounter with the most ignorant customer smhüíÄ this woman comes up and says we shouldn't be wearing mas‚Ä¶ https://t.co/67FUSLsYAk,4,0,2020-04-21 16:32:32+00:00
100003,1252607413846491136,false,"'We Are Not A Communist Nation': Rally Organizer Denies COVID Facts, Demands Death |
&amp; Argued on Monday that COVID-‚Ä¶ https://t.co/LTz8Mt2e40",1,1,2020-04-21 14:37:34+00:00
100003,1254476000425017344,false,@TeachOnTheRight @JPL_Reader @tedcruz Please show me some research that states Covid-19 is just like the flu. Preferably CDC/ECDC reasearch,0,0,2020-04-26 18:22:40+00:00
100003,1251988266838081537,false,@_KJKelly @THEshabbs I'm not at all suggesting that Covid-19 is just like the flu. It is clearly worse both in term‚Ä¶ https://t.co/mZ5IbQGdve,0,0,2020-04-19 21:37:18+00:00
100003,1252683209390739456,false,"ONS weekly deaths in London, UK, updated for wk 15; the trend continues unabated. A visual aid for those who contin‚Ä¶ https://t.co/BWFmGVw8FJ",4,1,2020-04-21 19:38:45+00:00
100003,1252068558676393984,false,"Go ahead, tell me COVId-19 is just like the flu. https://t.co/8kVPjsekvB",13,7,2020-04-20 02:56:21+00:00
100003,1251470505267396608,false,#CoronavirusUSA deaths in a week compared with deaths from other causes. Next time someone says #Covid_19 is just l‚Ä¶ https://t.co/IQ3ascO47J,0,0,2020-04-18 11:19:54+00:00
100003,1252555497946972160,false,"Read this thread if you think COVID-19 is ""just like the flu"" and appreciate actual science https://t.co/Oeb9wo06YP",0,0,2020-04-21 11:11:16+00:00
100003,1252230982775652354,false,@ZiadSatNam @biden_says @ronnieg1002 @OfficialJLD Ditto for Twitter. So happy for the Mute button.üôÇ Fascinating how‚Ä¶ https://t.co/oaKoUzk3YG,2,0,2020-04-20 13:41:46+00:00
100003,1250923196116803586,false,"Oh my fucking.. to read it is one thing but the way he said it...

Reminder this is the ‚Äúdoctor‚Äù y‚Äôall were screami‚Ä¶ https://t.co/LWV5kQqWrM",0,0,2020-04-16 23:05:05+00:00
100003,1255181275977015296,false,"@evolnemesis @BabeTruth2 No. Faith based learning is where science is forgotten, and as such this misconception tha‚Ä¶ https://t.co/t6dvoyyJpM",1,0,2020-04-28 17:05:10+00:00
100003,1252630938770649089,false,"Can you tell fact from fiction?
1. The immediate risk of becoming seriously ill from Covid-19 is thought to be low.‚Ä¶ https://t.co/RBewlcQX4b",0,0,2020-04-21 16:11:03+00:00
100003,1256013502298370048,false,@HughJassman6 @cutzie80 @jim_walkup @SenPolehanki So trumpesque. Now with 61k dead in 3 months and counting you're‚Ä¶ https://t.co/72vmTcOf8r,2,0,2020-05-01 00:12:09+00:00
100003,1252428594413842437,false,@TamerELG Can't wait for Fox News to praise this decision and then in the next segment talk bout how America needs‚Ä¶ https://t.co/gyUwCfzr6e,1,0,2020-04-21 02:47:00+00:00
100002,1254164579459854336,false,@5151mpk1 @grumpyMichael @ScottMorrisonMP have you seen this? I thought you and your experts said children cannot get Covid-19?,0,0,2020-04-25 21:45:11+00:00
100003,1252622099987877889,false,"@Katojana @Justinray06 @SteveRustad1 @ToddJCefaratti Because covid-19 is just like the flu?

You are proving the po‚Ä¶ https://t.co/bLtxuWF7oi",0,0,2020-04-21 15:35:55+00:00
100003,1250848833069875209,false,"Yeah, Covid-19 is just like the flu. https://t.co/SfqjwPUfI0",212,72,2020-04-16 18:09:36+00:00
100003,1252847501251538944,false,"Next time someone tries to tell you COVID-19 is just like the flu, remind them of these numbers https://t.co/p2G67suZMY",5,0,2020-04-22 06:31:35+00:00
100003,1252205124350545923,false,"But COVID-19 is just like the flu, right? https://t.co/uIQbFi69ph",0,0,2020-04-20 11:59:01+00:00
100003,1255226064877555715,false,"ONS weekly deaths in London, UK, updated for wk 16; the trend continues unabated. A visual aid for those who contin‚Ä¶ https://t.co/DX1I091aLj",0,1,2020-04-28 20:03:09+00:00
100003,1255841759877349376,false,"@hilltothesouth @Imamofpeace That wasn't my point. This was -

https://t.co/HcIsJsTB5T

And if you still think covi‚Ä¶ https://t.co/CsAc4qbQPB",2,0,2020-04-30 12:49:42+00:00
100003,1254817528452284426,false,"""But Covid-19 is just like the flu!"" https://t.co/YUxkwWRifB",0,0,2020-04-27 16:59:46+00:00
100003,1251922661237800965,false,How about it @realDonaldTrump @IngrahamAngle @seanhannity why don‚Äôt you lead the protests in person? Without masks‚Ä¶ https://t.co/6GEPzu2aIx,1,0,2020-04-19 17:16:36+00:00
100003,1250949774791958528,false,"For those saying COVID-19 is ‚Äújust like the flu..."" https://t.co/A3CwngN288",1,0,2020-04-17 00:50:42+00:00
100003,1251532038194282496,false,@BCJ166 @justinamash Right. But individual responsibility requires individual responsibility. These idiots are advo‚Ä¶ https://t.co/C1fgpQQ4yk,3,0,2020-04-18 15:24:24+00:00
100003,1254472790557802499,false,@soledadobrien We need these international students. Look at the GOP base. They believe the Covid-19 is just like the flu.,1,1,2020-04-26 18:09:54+00:00
100003,1255638434821083138,false,Which one of the quack FOX loving doctors on TV is still saying Covid 19 is just like the flu? My parents were reci‚Ä¶ https://t.co/E6dnd3uIDe,2,0,2020-04-29 23:21:46+00:00
100003,1253837309880995844,false,@USAF_Eternally @TTStraw2 @michellmybell1 @th1rt3en_TM @geraldpayne25 @nico_manocchio @HazyPeter @lindaz333‚Ä¶ https://t.co/KJsTySUSXN,0,0,2020-04-25 00:04:44+00:00
100003,1253361821244895234,false,@kaykumaroct @TylerW17799573 @davequigon @JoeySalads Dude your calling me stupid cause I said covid 19 is just like‚Ä¶ https://t.co/O2xPOuAqtT,1,0,2020-04-23 16:35:19+00:00
100003,1252262216184680448,false,"@leesgirl9 @MelissaJPeltier @erickbellomy If Covid-19 is just like the flu, why are they all wearing masks?",5,1,2020-04-20 15:45:52+00:00
100003,1251671901983760385,false,"A visual aid for those who think that COVID-19 is ""just like the flu"".  https://t.co/zGEdipicsJ. As seen on‚Ä¶ https://t.co/HRU8bwVmOs",1,0,2020-04-19 00:40:11+00:00
100003,1255911880436178947,false,@Convertbond What about none of these. Might want to add No National Leadership. No early testing. No early Lockdow‚Ä¶ https://t.co/qlA7JP0I0z,0,0,2020-04-30 17:28:20+00:00
100001,1238131052582928385,false,"COVID-19 is just like the flu

Only older adults and young people are at risk coronaviruses can infect people of an‚Ä¶ https://t.co/ApcgSTtCEa",0,0,2020-03-12 15:53:40+00:00
100003,1249790552486359040,false,A visual for the people in your life who want to believe that COVID-19 is just like the flu re: fatalities. https://t.co/CV2wDx4u4m,1,0,2020-04-13 20:04:22+00:00
100003,1251085257539031040,false,"Damn. Scientific information being conveyed by leadership.  And policy based on it

We get ""covid 19 is just like t‚Ä¶ https://t.co/S2RT2eg8Qh",0,0,2020-04-17 09:49:04+00:00
100003,1256227600936177664,false,"For all the people saying #Covid_19 is just like the #Flu.
There's an average of 17,000 in the uk per annum from fl‚Ä¶ https://t.co/WswlbdbdDU",0,0,2020-05-01 14:22:54+00:00
100003,1255183675248963585,false,This doctor who I‚Äôve never heard of but just watched for 12 min on YouTube says Covid-19 is just like the flu. I do‚Ä¶ https://t.co/ZwdCysyYHg,1,0,2020-04-28 17:14:43+00:00
100003,1254441536261099522,false,With people (including many in positions of power and influence) still insisting that Covid-19 is just like the flu‚Ä¶ https://t.co/AK1nY1LmQf,10,3,2020-04-26 16:05:43+00:00
100003,1253702772471578624,false,"I know y‚Äôall waiting for a ‚Äúsafe‚Äù time to go outside but honestly Covid-19 is just like the flu, it has to run it‚Äôs‚Ä¶ https://t.co/wQUZgGUslc",0,0,2020-04-24 15:10:08+00:00
100001,1242474839966765056,false,"2. Only older adults and young people are at risk

COVID-19, like other coronaviruses, can infect people of any age‚Ä¶ https://t.co/maCT8XKOTM",0,0,2020-03-24 15:34:20+00:00
100003,1252408181260603395,false,"I see #MAGA and #KAGA marching in the streets, screaming to open up the country.

They are arguing the flu kills 60‚Ä¶ https://t.co/S3CG8Mb74C",17,7,2020-04-21 01:25:53+00:00
100003,1253865797375733761,false,@realDonaldTrump supporters are struggling right now. They have to believe #Covid_19 is just like the flu and also‚Ä¶ https://t.co/jH14bSNYm4,0,0,2020-04-25 01:57:56+00:00
100003,1253728770940383232,false,COVID-19 is just like the flu except for the fact that it's probably about 8-10x worse.,0,0,2020-04-24 16:53:26+00:00
100003,1250065376437731331,false,"@goldencaskcap Covid-19 is just like the flu
With mortality rate at point two
Sure it moves fast
But I doubt it‚Äôd l‚Ä¶ https://t.co/VvpLVfYGbF",1,0,2020-04-14 14:16:25+00:00
100003,1252348097629286400,false,"@SpeakerPelosi @HouseDemocrats @ThisWeekABC Trump needs to get out and about to provide testing.  After all, Covid‚Ä¶ https://t.co/WecpmhRZsU",0,0,2020-04-20 21:27:08+00:00
100003,1252014222851989505,false,And now Brazil‚Äôs leader says COVID-19 is just like the flu üò°üò°üò° the world is largely being run by egotistical narcissistic mad menüò±üò±üò±,4,1,2020-04-19 23:20:26+00:00
100003,1250729706690936833,false,@Navigatorsofth1 @CarolineMack18 People are talking about the trade offs. Perhaps you have decided that COVID-19 is‚Ä¶ https://t.co/Z2WmCmymdR,0,0,2020-04-16 10:16:14+00:00
100003,1254630112332443655,false,"@NancyKoentje @orremagic @eugenegu @realDonaldTrump https://t.co/OXI01a2G0V

It does not take er a genius to realis‚Ä¶ https://t.co/RLq0HGPkrb",0,0,2020-04-27 04:35:03+00:00
100003,1253409965194113025,false,"@Chrisp1776 @washingtonpost ‚ÄúThe flu is a much bigger threat than coronavirus, for now.‚Äù This was written before th‚Ä¶ https://t.co/MWaqxJIpzR",1,0,2020-04-23 19:46:37+00:00
100003,1251668952993927170,false,"Whoever says COVID-19 is just like the flu obviously doesn't know math.

We've almost lost 40000 people and there's‚Ä¶ https://t.co/ei28QR50bO",149,83,2020-04-19 00:28:27+00:00
100003,1251740072715706368,false,"President Trump &amp; his sycophants: COVID-19 is just like the flu. 
Nick Cordero: I bet my right leg that you‚Äôre wrong.Ôøº",0,0,2020-04-19 05:11:04+00:00
100001,1243968198111789058,false,"2. Only older adults and young people are at risk.

SARS-CoV-2, like other coronaviruses, can infect people of any‚Ä¶ https://t.co/nJye0kWVnI",0,0,2020-03-28 18:28:24+00:00
100003,1252044512874070016,false,"Maybe those who think COVID-19 is ""just like the flu"" should note that CDC says 24k to 60k people already died of t‚Ä¶ https://t.co/cekffykUXM",1,0,2020-04-20 01:20:48+00:00
100003,1250630053345529863,false,"Thanks, Russell, excellent commentary about the start of the income protection market as always.

To say it's chall‚Ä¶ https://t.co/819CqxFjEa",0,0,2020-04-16 03:40:14+00:00
100003,1255655200511033344,false,"@chrislhayes is talking about ""coronavirus trutherism""--US, and worldwide deaths, are up SIXTY PERCENT from the sam‚Ä¶ https://t.co/OdfZE1osCD",0,0,2020-04-30 00:28:23+00:00
100003,1252696391769640962,false,"If you think Covid-19 is just like the flu...
""The virus has killed 100 Italian doctors. That doesn‚Äôt happen during‚Ä¶ https://t.co/2wH7IeBcEZ",3,2,2020-04-21 20:31:08+00:00
100001,1242461115616866304,false,"#Corona Myth &amp; Reality.

Myth: Only older adults and young people are at risk.

Reality: People of all ages can be‚Ä¶ https://t.co/8PBlLHb1gI",0,0,2020-03-24 14:39:48+00:00
100003,1250542140310073350,false,Share this with your crazy Unlce Liberty when he says COVID-19 is just like the flu. https://t.co/Y1JpvoDBm0,0,0,2020-04-15 21:50:54+00:00
100003,1251187362035425281,false,@realDonaldTrump For all the simpletons who believe COVID-19 is just like the flu or we don't stop living because o‚Ä¶ https://t.co/kQhONw6zD7,0,0,2020-04-17 16:34:47+00:00
100003,1249804284155191296,false,@bonick0 @JoeySalads Are you implying COVID-19 is just like the flu?,0,0,2020-04-13 20:58:56+00:00
100003,1254176799468240897,false,"Just another post directed at the people out there who still believe that the COVID-19 is ""just like the flu.""

A n‚Ä¶ https://t.co/qDhtyfaWHc",1,0,2020-04-25 22:33:45+00:00
100003,1254419960111067136,false,Really? Because the ones I know were saying COVID-19 is just like the flu until only a few weeks ago https://t.co/M0gdIYMT75,10,0,2020-04-26 14:39:59+00:00
100003,1251040711023214592,false,Take a lesson from this when you‚Äôre upset about your freedom and you think COVID-19 is ‚Äújust like the flu‚Äù https://t.co/lkx5iraYaP,0,0,2020-04-17 06:52:03+00:00
100003,1250936554002034691,false,"In case there is anyone out there still saying #Covid_19 is ""just like the flu"" etc. and/or is failing to understan‚Ä¶ https://t.co/w5ykvCuJTJ",1,0,2020-04-16 23:58:10+00:00
100003,1250346513374429185,false,When people say COVID-19 is just like the flu and not that bad..... https://t.co/URoa8SR223,3,0,2020-04-15 08:53:33+00:00
100003,1255568949862957057,false,"There are still dumb bitches that think COVID-19 is just like the flu.

Wow",1,0,2020-04-29 18:45:39+00:00
100003,1251245017395613696,false,"@StokedTweeter Spot on. Covid - 19 is just like the flu. Fu*k it. Acceptable losses. Yay, Pres. Trump. The protesto‚Ä¶ https://t.co/8d5FtZdyYj",0,0,2020-04-17 20:23:53+00:00
100003,1255630129000099840,false,"@LeilaniMunter Covid-19 IS just like the flu. Both are viruses, both can make you feel miserable, one you are gener‚Ä¶ https://t.co/WXpGkkIYur",1,0,2020-04-29 22:48:45+00:00
100003,1250869141562482688,false,"Critics of social distancing and restrictions who say COVID-19 ""is *just* like the flu"" to minimize the seriosuness‚Ä¶ https://t.co/4y4GdqbT4W",3,0,2020-04-16 19:30:18+00:00
100003,1253157289587929089,false,Saying covid-19 is just like the flu #IsAMassiveUnderstatement,3,0,2020-04-23 03:02:35+00:00
100003,1255526790149353472,false,"@JessicaTarlov @OutnumberedFNC Jessica, speaking as a right-winger, if I hear one more fellow right-winger say covi‚Ä¶ https://t.co/k9bOihIflf",1,0,2020-04-29 15:58:07+00:00
100003,1249961723282501635,false,@VK_Cast @Victor__Newman @MarthaW19860146 @parkbench559 @atlpt1870 @Howlinghamster @Khalid_Hart @maggieNYT And Covi‚Ä¶ https://t.co/3JlUYtuouo,9,0,2020-04-14 07:24:32+00:00
100003,1250384452448108544,false,@MozScott @JLPerchard @WHO There are also those in the US who said COVID-19 is just like the flu. The @WHO isn't pe‚Ä¶ https://t.co/zZRshTud4G,1,0,2020-04-15 11:24:19+00:00
100003,1248023340192804875,false,Daily News |  Do you still think COVID-19 is just like the flu? | Coronavirus Newsletter https://t.co/S8VUVcueCr,0,1,2020-04-08 23:02:06+00:00
100003,1244758091096158208,false,@Redeyebronson @SebGorka @realDonaldTrump He made the correct call banning travel from China at the end of January.‚Ä¶ https://t.co/XsXXnxo5rJ,0,0,2020-03-30 22:47:10+00:00
100003,1248851277062082561,false,"@kjkwinger6 @emhlung @kmattox1 For anyone who still thinks COVID-19 is ‚Äújust like the flu‚Äù, let this sink in",5,0,2020-04-11 05:52:01+00:00
100003,1243705054105755650,false,"For anyone that says the Covid-19 is just like the flu:

 600 people don‚Äôt die from the flu in a single week in New York City.",2,0,2020-03-28 01:02:46+00:00
100003,1243384220845608961,false,"How could HE have a cure? He's wilfully ignorant and still keeps saying that COVID-19 is 'just like the flu."" If an‚Ä¶ https://t.co/vvCcGwNjRQ",1,0,2020-03-27 03:47:53+00:00
100003,1248548862022819842,false,@JohnFiliss @OffGuardian0 @Sideshow_JaneV3 @MoonofA Still claiming Covid-19 is just like the flu? Facts are such a‚Ä¶ https://t.co/3FYTsp37kB,0,0,2020-04-10 09:50:20+00:00
100003,1247760767853588481,false,If you are one of those people who believe that COVID-19 is ‚Äújust like the flu‚Äù then this video is for you. Please‚Ä¶ https://t.co/LvrefqqDGR,0,0,2020-04-08 05:38:43+00:00
100003,1245736953108213762,false,"@bencar123 @coasttocoastam GN's been spreading dangerous trumpian lies the ""covid-19 is just like the flu!""- I hope‚Ä¶ https://t.co/zwgddwZhsI",3,0,2020-04-02 15:36:48+00:00
100003,1245736180718673920,false,"@BajatosPoppa @mmfa he's been spreading dangerous trumpian lies the ""covid-19 is just like the flu!""- I hope he get‚Ä¶ https://t.co/sx0rn2mjpX",0,0,2020-04-02 15:33:44+00:00
100003,1245080259311132672,false,James O'Keefe Telling Us That COVID-19 Is Just Like The Flu To Own The Libs https://t.co/rOsBpn1Jpu,0,0,2020-03-31 20:07:20+00:00
100003,1244221591845851136,false,"To be completely honest: at first, like many, I thought Covid-19 is ""just like the flu""... until I read some backgr‚Ä¶ https://t.co/qWDxbh82GV",0,0,2020-03-29 11:15:18+00:00
100003,1247883203827859456,false,To all those people who said ‚ÄúCOVID-19 is just like the flu‚Äù...üôÑü§¨. https://t.co/Vy4uGrJY8t,14,5,2020-04-08 13:45:14+00:00
100003,1247371241792643079,false,If you still think Covid-19 is just like the flu then watch this! It‚Äôs NOT! It‚Äôs horrendous and it spreads SO EASIL‚Ä¶ https://t.co/maHFnipmMZ,0,0,2020-04-07 03:50:53+00:00
100003,1247448470283313154,false,"For asking that question, @Juliajoy, you will be told that you are saying Covid-19 is 'just like the flu'. It will‚Ä¶ https://t.co/B17Kw16wvn",49,9,2020-04-07 08:57:46+00:00
100003,1245382027005906945,false,"@ActivistaNG @ActionAidNG @Okwuosamj Myth 3.
COVID-19 is just like the flu....is this true?",3,3,2020-04-01 16:06:27+00:00
100003,1247283863342088196,false,For those who think COVID 19 is just like the flu! https://t.co/B2HrC58j6l,2,2,2020-04-06 22:03:41+00:00
100003,1245353737025138693,false,"@ToddP10 @Jennswhimsy @BedoyaBenardo @Dallasdaddy63 @WillemsAngie @MarieJo45528473 @Yamiche My dad supports Trump,‚Ä¶ https://t.co/GXZRfLXyQh",1,0,2020-04-01 14:14:03+00:00
100003,1243623703096766468,false,Doing so is especially difficult in the face of deliberate misinformation campaigns arguing that climate change is‚Ä¶ https://t.co/XiDxzeF7MW,0,0,2020-03-27 19:39:30+00:00
100003,1244467908236972033,false,I hate when people say Covid 19 is just like the flu... it‚Äôs not. It‚Äôs a bit worse.,7,2,2020-03-30 03:34:05+00:00
100003,1244219113666461701,false,"No, I'm not saying COVID-19 is just like the flu, but this study shows why Italy has been hit so hard.",0,0,2020-03-29 11:05:27+00:00
100003,1248606541793488896,false,Nearly 3-In-5 Right-Wing News Viewers Still Believe COVID-19 Is Just Like The Flu https://t.co/FaxWBEfXs8,53,30,2020-04-10 13:39:32+00:00
100003,1248486112751841281,false,@EternalRound @mwash52 @BingaZingaZinga @NightlyPolitics I didn't block you (yet). I guess twitter glitched. And I'‚Ä¶ https://t.co/HBoX4usBv6,0,0,2020-04-10 05:40:59+00:00
100003,1243139730788749312,false,"We cannot ask Trump on what scientific model he is basing his idea of opening business again in 17 days, or how he‚Ä¶ https://t.co/QQFuaoLIlv",1,0,2020-03-26 11:36:22+00:00
100003,1248619385821913093,false,Nearly 3-In-5 Right-Wing News Viewers Still Believe COVID-19 Is Just Like The Flu https://t.co/M7LBoOXYPG https://t.co/tnRtIrJfXw,0,2,2020-04-10 14:30:34+00:00
100003,1245736018722148360,false,"@JasonPo73300292 @coasttocoastam he's been spreading dangerous trumpian lies the ""covid-19 is just like the flu!""-‚Ä¶ https://t.co/rTwKNiKPmf",3,0,2020-04-02 15:33:06+00:00
100003,1245125243833929728,false,"@mycubiclespace @ewarren Oh look, a fool who still thinks 240,000 deaths from COVID-19 is just like the flu. https://t.co/0D3BaQ2sby",3,0,2020-03-31 23:06:06+00:00
100003,1244308181314080768,false,I *had* forgotten! Remember when country musicians helped push pro-war propaganda and the lie that Iraq did 9/11? D‚Ä¶ https://t.co/BxL8Rbr5aR,4,0,2020-03-29 16:59:23+00:00
100003,1247863014080028673,false,@ThatMartyGuy1 @rhonda_harbison @joshgerstein Whoever is selling these or whoever had stocks in the companies that‚Ä¶ https://t.co/CV6cglDyUr,0,0,2020-04-08 12:25:01+00:00
100003,1248625448830918657,false,All the people using #EndTheShutdown because Covid-19 is ‚Äújust like the flu‚Äù yea but this it‚Äôs more violet and dead‚Ä¶ https://t.co/vkla4HOGq7,0,0,2020-04-10 14:54:39+00:00
100003,1245735947750330369,false,"@RetiredSkeptic he's been spreading dangerous trumpian lies the ""covid-19 is just like the flu!""- I hope he gets in‚Ä¶ https://t.co/EPGgIU5ANx",0,0,2020-04-02 15:32:49+00:00
100003,1245514326519296000,false,"Anybody who thinks that COVID-19 is just like the flu is in for a big surprise. No, no it's not! Its much MUCH wors‚Ä¶ https://t.co/4Vh0gZLhBg",1,0,2020-04-02 00:52:10+00:00
100003,1248076311928516608,false,#cvfreeCoronavirus Do you still think COVID-19 is just like the flu? | Coronavirus Newsletter - The Philadelphia In‚Ä¶ https://t.co/UpvTcl5VOK,1,0,2020-04-09 02:32:35+00:00
100003,1245006106721689600,false,@BoganIrish @LexJim1 @briantylercohen @brithume @yashar 1. I'm disputing the statement that COVID-19 is just like t‚Ä¶ https://t.co/FFuodRxMrP,0,0,2020-03-31 15:12:41+00:00
100003,1245646355520839683,false,"my self-isolation hobby is blocking:

TERFs
transphobes
anti LGBT bullshit
content thieves
people who use the term‚Ä¶ https://t.co/iFTSrTec1e",1,0,2020-04-02 09:36:48+00:00
100003,1245736518192435203,false,"@coasttocoastam GN's been spreading dangerous trumpian lies the ""covid-19 is just like the flu!""- I hope he gets in‚Ä¶ https://t.co/OvBrRkYNWp",0,0,2020-04-02 15:35:05+00:00
100003,1247425328672313345,false,"For anyone thinking COVID-19 is just ‚Äòlike the flu‚Äô and still going out socialising with friends, watch these video‚Ä¶ https://t.co/HdD7MUAscD",0,1,2020-04-07 07:25:49+00:00
100003,1248459861475487744,false,"Wow.. hope no one says stuff like ""COVID-19 is just like the flu"" any more https://t.co/Niwdwr3a0v",1,0,2020-04-10 03:56:40+00:00
100003,1247935266796568578,false,"In case you were still wondering whether COVID-19 is just like the flu, check this out: 
FLU: 79 deaths between 9/1‚Ä¶ https://t.co/bL26VeJqNO",2,0,2020-04-08 17:12:07+00:00
100003,1246260336619069447,false,@James997733 Some people just want a psoriasis free corpse at their funeral. I don't see the problem. Just like COV‚Ä¶ https://t.co/oRcahTZNdU,0,0,2020-04-04 02:16:33+00:00
100003,1248691292286189568,false,"@ChicoTheDoggers @someknew @DJx1555 @morningmika There are two quotes in this 30 second video from February 25, inc‚Ä¶ https://t.co/9fvIbUZsr5",1,0,2020-04-10 19:16:18+00:00
100003,1246183767699591169,false,"Trisha Paytas needs to be banned on all platforms. I'm done. She's lied about being trans, having DID, and now told‚Ä¶ https://t.co/Y7nojfMI2c",0,0,2020-04-03 21:12:17+00:00
100003,1248696085310251008,false,"Hey, Bill Spadea! 
Do you still think COVID-19 is just like the flu? 
Open your eyes.  Do you see the mass graves?‚Ä¶ https://t.co/uB8VaVRHf9",1,1,2020-04-10 19:35:21+00:00
100003,1243568936802713602,false,For those who think COVID-19 is just like the flu:  Normal avg. deaths/day in New York City (from 2017) was 128.  Y‚Ä¶ https://t.co/SnAaXDzbUx,1,1,2020-03-27 16:01:53+00:00
100003,1247591558809075712,false,@SnidePrince @ScottAdamsSays I would suggest this article to review the assumptions that COVID-19 is just like the‚Ä¶ https://t.co/Syv4ECrttI,0,0,2020-04-07 18:26:21+00:00
100003,1249139542688444416,false,Think #COVID__19 is just like the flu?   Watch this.  #stayhome  #Heroes  https://t.co/ZZFj9NwQa1,6,2,2020-04-12 00:57:29+00:00
100003,1248762939261116421,false,"The more conservative news you watch, the more likely you are to be misinformed about basic information when it com‚Ä¶ https://t.co/UDvOtieHl9",56,39,2020-04-11 00:01:00+00:00
100003,1245382652812824578,false,@_iIshraq_ @ActivistaNG @ActionAidNG @Okwuosamj Thank you.                                       Myth 3: COVID-19 i‚Ä¶ https://t.co/j3UE9obdI8,2,1,2020-04-01 16:08:57+00:00
100003,1249017186661715968,false,I can't control myself from commenting when I see posts that say COVID-19 is just like the flu. I know no good will‚Ä¶ https://t.co/FgnDTFadj5,22,0,2020-04-11 16:51:17+00:00
100003,1245736128734527488,false,"@_Fuck_China @DavidTheBastar1 @PrisonPlanet he's been spreading dangerous trumpian lies the ""covid-19 is just like‚Ä¶ https://t.co/3DCzLfp1xT",0,0,2020-04-02 15:33:32+00:00
100003,1244107740689174533,false,"@paulsperry_ It entered the USA in December, probably both in Seattle and New York City, so the number of infected‚Ä¶ https://t.co/aRfRZlyVWZ",0,0,2020-03-29 03:42:54+00:00
100003,1245080525091504129,false,James O'Keefe Telling Us That COVID-19 Is Just Like The Flu To Own The Libs https://t.co/QCGCOl7yLm,0,0,2020-03-31 20:08:24+00:00
100003,1248202069737177088,false,"The failure in the White House to contain this deadly Virus started with President Trump and his loyal Republicans,‚Ä¶ https://t.co/63ZmxXsvYS",1,0,2020-04-09 10:52:18+00:00
100003,1244872708774453248,false,"@misosusanowa And because he keeps saying things like that, there are still a lot of people that think that COVID-1‚Ä¶ https://t.co/GkSbtHbUTm",2,1,2020-03-31 06:22:37+00:00
100003,1245957699101171712,false,"1/2
Seems there are people about who think Covid 19 is just like the Flu.

1) It is far more transmissible.

2) It‚Ä¶ https://t.co/QDEUe0pCJj",0,0,2020-04-03 06:13:58+00:00
100003,1249083025935106048,false,"Why we shouldn't #OPENAMERICANOW
To those that think that #COVID__19 is just like the flu
#quaranTURN‚Ä¶ https://t.co/ckwROavpNq",2,0,2020-04-11 21:12:54+00:00
100003,1245140798456422401,false,"@MattyIce981 @IslesJetsMets @utcobb @SandyGoMan @BillyTwoBagger @BarrettSallee It‚Äôs used in emergency situations, a‚Ä¶ https://t.co/2eoCkGVyqb",0,0,2020-04-01 00:07:54+00:00
100003,1243738990575943680,false,Covid-19 is just like the flu. Not! #COVID2019india https://t.co/mVHt3WNaOr,2,1,2020-03-28 03:17:37+00:00
100003,1243182374344691712,false,"God I swear I hate people sending me nonsense ""expert"" opinions about how COVID 19 is just like the flu. That norma‚Ä¶ https://t.co/0z11FuuIY5",0,0,2020-03-26 14:25:49+00:00
100003,1243753480969478151,false,@MiamiRadioBeast I hooe that nobody still believes that COVID-19 is ‚Äújust like the flu‚Äù.,3,0,2020-03-28 04:15:12+00:00
100003,1247062916739678208,false,@twytnotist @nz_voter All I can think of with its more recent issues is a cover story getting us to fear something‚Ä¶ https://t.co/ViS99lzZCV,1,0,2020-04-06 07:25:43+00:00
100003,1248087887473602560,false,"5G conspiracy theorists, along with anti-vaxxers and ""Covid-19 is just like the flu"" morons can just all get in the‚Ä¶ https://t.co/Y9c59qaoN8",6,1,2020-04-09 03:18:35+00:00
100003,1244999762669187072,false,"Since I'm only five in dog years, the covid-19 is just like the flu for me at worst, right? https://t.co/DKXptnrTFR",0,0,2020-03-31 14:47:29+00:00
100003,1248621932104151042,false,@JohnnyBarone1 @MayorBeer I'm no health expert. But I haven't heard any who are who say COVID-19 is just like the flu.,0,0,2020-04-10 14:40:41+00:00
100003,1248022785777115137,false,For all of those who say Covid 19 is just like the Flu‚ÄîHave you ever heard of the Flu killing 2 or more people in o‚Ä¶ https://t.co/1UQ2WyAxhS,0,0,2020-04-08 22:59:53+00:00
100003,1248750016216236032,false,So Covid-19 is just like the flu proven true to life in CA in NOVEMBER? https://t.co/I186QK53Md,0,0,2020-04-10 23:09:39+00:00
100003,1247651901119791104,false,@litgenstein COVID-19 is just like the flu,5,0,2020-04-07 22:26:08+00:00
100003,1247167569888493568,false,"@kelly2277 @CherKalleck @realDonaldTrump Well... Maybe people will get tested now? üôçüôéüò†üò≠

(The amount of cognitive d‚Ä¶ https://t.co/P8ai4SJ3yS",1,0,2020-04-06 14:21:34+00:00
100003,1243627724742242308,false,"Myths about #COVID19

Only older adults are infected
Children cannot catch COVID-19
COVID-19 is just like the flu
E‚Ä¶ https://t.co/89Y8fZEpfJ",16,2,2020-03-27 19:55:29+00:00
100003,1245512289278668800,false,"@Barbara88415829 If COVID-19 is just like the flu and only 30K die, then why bother taking a drug that is not FDA a‚Ä¶ https://t.co/Swa93ux2sL",0,0,2020-04-02 00:44:04+00:00
100003,1248211543889715202,false,Do you still think COVID-19 is just like the flu? | Coronavirus Newsletter https://t.co/FNT90rTFRX,0,0,2020-04-09 11:29:57+00:00
100003,1247697008888078337,false,@STrimel @WHO Trump has repeatedly claimed he knew the pandemic was going to be serious before anyone...and he has‚Ä¶ https://t.co/0wkY9WvmPE,1,0,2020-04-08 01:25:22+00:00
100003,1245921701721849858,false,"If you think Covid-19 is ""just like the flu,"" maybe spend the 6 minutes to watch this?. https://t.co/caRlNOYiNH via @YouTube",0,0,2020-04-03 03:50:56+00:00
100003,1243680787733544960,false,"In 50 years antivaxxers will say how COVID-19 is just like the flu, not that bad, better to get it and have natural‚Ä¶ https://t.co/eQBNPfoKlR",0,0,2020-03-27 23:26:20+00:00
100003,1247652351810375685,false,Trump just said that when he said COVID-19 ‚Äúis just like the flu‚Äù he was right because the SPANISH flu was so bad s‚Ä¶ https://t.co/Tqv4vbnm6S,2,1,2020-04-07 22:27:55+00:00
100003,1248637084010774529,false,Nearly 3-In-5 Right-Wing News Viewers Still Believe COVID-19 Is Just Like The Flu https://t.co/SPwgRwoDaV —Å –ø–æ–º–æ—â—å—é @periclesukraine,0,0,2020-04-10 15:40:54+00:00
100003,1248605782813392896,false,"Nearly 3-In-5 Right-Wing News Viewers Still Believe COVID-19 Is Just Like The Flu
https://t.co/8IPfbi4i5q",33,16,2020-04-10 13:36:31+00:00
100003,1243278554487336960,false,Covid19 https://t.co/2BRnux8j1Q What is covid19? Covid19 is going all around the world right now so 20% of the worl‚Ä¶ https://t.co/qH2yXJdorA,0,0,2020-03-26 20:48:01+00:00
100003,1245736072799191041,false,"@Eksopolitiikka he's been spreading dangerous trumpian lies the ""covid-19 is just like the flu!""- I hope he gets in‚Ä¶ https://t.co/pvgLGToLjb",0,0,2020-04-02 15:33:19+00:00
100003,1248606193335119877,false,"The more conservative news you watch, the more likely you are to be misinformed about basic information when it com‚Ä¶ https://t.co/kSDTywBv1W",7,3,2020-04-10 13:38:09+00:00
100003,1245128668277596162,false,"Now, which idiot said COVID 19 is just like the flu? #TrumpPressConf https://t.co/zr0rdmdv0Z",2,0,2020-03-31 23:19:42+00:00
100003,1243543789018451968,false,"Uh, for those people who think COVID-19 is ‚Äújust like the flu,‚Äù I don‚Äôt think it causes 2000 deaths in 12 weeks!‚Ä¶ https://t.co/er5X1rQEJI",0,0,2020-03-27 14:21:57+00:00
100003,1246513904039190529,false,"@robinbull1 I have never said COVID-19 is just like the 'flu.

You stated: ""There is no treatment or cure for COVID‚Ä¶ https://t.co/W8Ahuz0ZR0",0,0,2020-04-04 19:04:08+00:00
100003,1241430485626163200,false,In case any of you still think COVID-19 is just like the flu: https://t.co/DfdZpefhVu,0,0,2020-03-21 18:24:27+00:00
100003,1240442303241752577,false,@AbolishMalarkey @koaleszenz That‚Äôs a bad one because it promotes the dangerous misconception that COVID-19 is ‚Äújust like the flu.,0,0,2020-03-19 00:57:46+00:00
100003,1241509548910936065,false,"@LuluBowen1 @don_fejak @RealJamesWoods God gawd- you also seem to think Covid-19 is just like the flu, so... enjoy‚Ä¶ https://t.co/vtmNhbgwCO",0,0,2020-03-21 23:38:37+00:00
100003,1241037353210216449,false,Ask POTUS and his GOP cronies then spread the word of these scoundrels to all those who depend on FOX for informati‚Ä¶ https://t.co/Wijec5oQgS,0,0,2020-03-20 16:22:17+00:00
100003,1238473326324060160,false,"@__gaciria And this is the Moroccan Prime Minister saying that the Covid_19 is just like the flu ü§¶üèª‚Äç‚ôÄÔ∏è
 https://t.co/pQJm1Wfqhs",2,0,2020-03-13 14:33:45+00:00
100003,1238143220321783815,false,"It's reached a point where every time someone says shit like ""Covid-19 is just like the flu, it's all just media ge‚Ä¶ https://t.co/BIPB1xqUYW",25,0,2020-03-12 16:42:01+00:00
100003,1238292052380733445,false,Agree with @ahmad_abuheija ! I dont understand how people are still saying #Covid_19 is just like the flu! We need‚Ä¶ https://t.co/hMwLweMHiH,1,0,2020-03-13 02:33:26+00:00
100003,1239366606326661121,false,@SpencerJCox @UtahCoronavirus This is a red-state that consumes foxnews. Foxnews has been saying covid-19 is just l‚Ä¶ https://t.co/EB1a6DG8Ql,3,0,2020-03-16 01:43:19+00:00
100003,1239788559604813824,false,"@Sophieresists @merileedkarr You did the smart and prudent thing. Let‚Äôs say, and I don‚Äôt subscribe to this, that Co‚Ä¶ https://t.co/oVk4eR43LH",3,0,2020-03-17 05:40:01+00:00
100003,1241380159917379587,false,FACT - CDC estimates that COVID-19 may be 10x those numbers. I get tired of retweeting that because so many are tie‚Ä¶ https://t.co/eqblyh4jy8,11,8,2020-03-21 15:04:28+00:00
100003,1240237378041778176,false,"For those who think COVID-19 is ‚Äújust like the flu‚Äù, ‚Äúflu kills more‚Äù, ‚Äúthe panic is more dangerous‚Äù, ‚Äúherd immunit‚Ä¶ https://t.co/7tv91m75my",24,8,2020-03-18 11:23:28+00:00
100003,1238416472600387584,false,@vcbarbie Please please!  Had an hour convo wit my homie the other night trying to correct his faulty thought proce‚Ä¶ https://t.co/hokm613fQI,1,0,2020-03-13 10:47:50+00:00
100003,1238147333428109313,false,"The other day, someone on Twitter asked how to get through to people who think COVID-19 is just like the flu. One w‚Ä¶ https://t.co/m40XlM75x9",0,0,2020-03-12 16:58:22+00:00
100003,1241805420181757957,false,"Apparently, when Trump became president, he got rid of all of his security experts and intel. and decided to take C‚Ä¶ https://t.co/DmZApq6a26",43,13,2020-03-22 19:14:18+00:00
100003,1239745485088460808,false,"people out here saying the COVID-19 is just like the flu so why are we making it such a big deal ,while immediate r‚Ä¶ https://t.co/0pvdYt8mbT",0,1,2020-03-17 02:48:51+00:00
100003,1238109364155592706,false,@jeonbubbles covid 19 is just like the flu. its only fatal if your immune system isnt strong enough to fight it,0,0,2020-03-12 14:27:30+00:00
100003,1241915623615205379,false,"One ignorant argument, under the erroneous assumption that COVID-19 is ""just like the flu,"" is ""we'll get it, get i‚Ä¶ https://t.co/91wl0w85NM",1,0,2020-03-23 02:32:13+00:00
100003,1238434278318497793,false,"For those of you saying, COVID-19 is just like the flu. Symptom wise, sure. #COVID„Éº19 https://t.co/xHVSgyreuZ",2,1,2020-03-13 11:58:35+00:00
100003,1240416087289802753,false,"Let's dispel the notion that ""novel COVID-19 is just like the flu"".  Sharing this striking comparison of #Flu,‚Ä¶ https://t.co/vqDxqLc940",23,18,2020-03-18 23:13:35+00:00
100003,1241047112978137088,false,To those that think COVID-19 is just like the flu... Not trying to scaremonger but you should see what is happening‚Ä¶ https://t.co/Tm4fKIKtiY,4,0,2020-03-20 17:01:03+00:00
100003,1241059746351898630,false,@SteveKettmann @SteveSchmidtSES I want to know where they pull their sample for the polls. Are these the same willf‚Ä¶ https://t.co/JjZ7LJvSLs,1,0,2020-03-20 17:51:15+00:00
100003,1242958695933169665,false,"4. COVID-19 is just like the flu
SARS-CoV-2 definitely has flu like symptoms- aches, fever, and cough. both COVID-1‚Ä¶ https://t.co/R09dBaB6gl",3,2,2020-03-25 23:37:00+00:00
100003,1242133530328682503,false,"@GovHolcomb 
This COVID- 19 is just like the flu. You guys are saying there is all these death due to "" COVID- 19"" .",0,0,2020-03-23 16:58:06+00:00
100003,1242669446478671872,false,"Ah, yes, COVID-19 is just like the flu. In fact, every year, large swaths of life grind to a halt and also famous p‚Ä¶ https://t.co/u9vIIcUxo6",28,1,2020-03-25 04:27:38+00:00
100003,1239939417873231873,false,"For everyone who says COVID-19 is ‚Äújust like the flu‚Äù:
15-30x more dangerous 
Those at risk, ie people with autoimm‚Ä¶ https://t.co/ce9mhNlQq0",2,0,2020-03-17 15:39:28+00:00
100003,1240110805384933376,false,For people who think that COVID-19 is ‚Äújust like‚Äù the flu and will pass on its own... https://t.co/YMRVdrSauq,1,0,2020-03-18 03:00:30+00:00
100003,1242923237366886400,false,@JoyAnnReid General Dentist in my building is full on MAGA. He thinks COVID-19 is just like the flu and basically a‚Ä¶ https://t.co/VLvsLf3Wwp,0,0,2020-03-25 21:16:06+00:00
100003,1239206682980429824,false,"Trump said COVID-19 is just like the flu &amp; contained

Scientist Dr. Fauci says it will get much worse

Only 40% of‚Ä¶ https://t.co/idASP78oPR",92,33,2020-03-15 15:07:51+00:00
100003,1241433906144051200,false,"@RobbyVikaro Look at these two OLD GEEZERS, They Tell üá∫üá∏üë•HOW SMART THEY ARE
FLOODING üá∫üá∏ With LIES
#coronavirus is a‚Ä¶ https://t.co/OrDb0pjQ9F",0,0,2020-03-21 18:38:02+00:00
100003,1241677190686793728,false,"Anyone who is still saying COVID-19 is ‚Äújust like the flu‚Äù should read this. Scary stuff:
https://t.co/EvtMwp7QOQ",0,0,2020-03-22 10:44:46+00:00
100003,1238234110818222081,false,@washingtonpost And FauxNews and others keep stating that COVID-19 is ‚Äújust like the flu‚Äù. #TrumpVirus #TrumpVirusTestingFailure,0,0,2020-03-12 22:43:11+00:00
100003,1241890738755047424,false,"Terrifying piece by @ManvBrain on what coronavirus does to your body. 

Everyone who still thinks Covid-19 is ""just‚Ä¶ https://t.co/jA23Qn3WQk",64,78,2020-03-23 00:53:19+00:00
100003,1241132046598184966,false,Saying #Covid_19 Is just like the flu is the same as saying Irritable Bowel Disease is just like Bowel Cancer. Both‚Ä¶ https://t.co/z26sMMb4Jo,0,0,2020-03-20 22:38:33+00:00
100003,1239364458654453765,false,For all who are still delusional enough to think COVID-19 is just like the flu or common cold: https://t.co/jicJ0rFVJT,1,0,2020-03-16 01:34:47+00:00
100003,1241044399053774848,false,"Covid-19 is just like the flu‚Ä¶‚Ä¶. TL;DR: twice as infectious, hospitalises 10 times more, at least 10 times higher m‚Ä¶ https://t.co/mp2Kwk4NQY",0,0,2020-03-20 16:50:16+00:00
100001,1238131052582928385,false,"COVID-19 is just like the flu

Only older adults and young people are at risk coronaviruses can infect people of an‚Ä¶ https://t.co/ApcgSTtCEa",0,0,2020-03-12 15:53:40+00:00
100003,1238131052582928385,false,"COVID-19 is just like the flu

Only older adults and young people are at risk coronaviruses can infect people of an‚Ä¶ https://t.co/ApcgSTtCEa",0,0,2020-03-12 15:53:40+00:00
100003,1242115665496080385,false,"@alanklement @realDonaldTrump Our president goes on TV to say Covid-19 is just like the Flu, that it's all a chines‚Ä¶ https://t.co/R1qnVFcYST",0,0,2020-03-23 15:47:06+00:00
100003,1238697210872647680,false,"When people tell me that COVID-19 is just like the flu, or just a bit worse or less bad, I tell them either one cou‚Ä¶ https://t.co/IFawjvZNM6",2,0,2020-03-14 05:23:23+00:00
100003,1241095065986048007,false,"To me #Covid_19 is just like the flu! 
BUT as there is no vaccine ready  I accept the measures, stick to the rules‚Ä¶ https://t.co/zvcXZgIzoK",1,0,2020-03-20 20:11:36+00:00
100003,1241895592835637248,false,"The White House and the media lies to millions of people, these people think they think for themselves, trump and f‚Ä¶ https://t.co/pZnDVpJSYc",1,0,2020-03-23 01:12:37+00:00
100003,1238219019842281473,false,"COVID-19 is just like the flu. It was first discovered in 2003 as SARS, mutated into MERS-CoV into 2012 and now mut‚Ä¶ https://t.co/PEaw5mvXYX",2,0,2020-03-12 21:43:13+00:00
100003,1238982625064374272,false,"wow covid 19 is just like the flu huh? can we have an ORIGINAL virus for once, something that makes your lungs expl‚Ä¶ https://t.co/zcKuGAe285",7,0,2020-03-15 00:17:31+00:00
100003,1239176297886203906,false,In #AL I still hear ppl TODAY that Covid 19 is just like the flu or is a bunch of Dem shenanigans?? We need a major‚Ä¶ https://t.co/uhDr6ddzc2,0,0,2020-03-15 13:07:06+00:00
100003,1238233761885515776,false,@YeahIsa21707928 Smart! I have a work friend who has tickets to a Post Malone concert this weekend and she‚Äôs livid‚Ä¶ https://t.co/u1We3dkfhH,0,0,2020-03-12 22:41:48+00:00
100003,1239500988328726528,false,"@MadamEarth @ox_jakeox Mine says Covid_19 is just like the flu
Told him hes no welcome in my home until its all over",3,0,2020-03-16 10:37:19+00:00
100003,1240394474536210436,false,@Fxhedgers But Elon said COVID-19 is just like the flu...,4,1,2020-03-18 21:47:42+00:00
100003,1240644356668702721,false,If you‚Äôre still saying that COVID-19 is just like the flu please look around and tell me when we‚Äôve ever closed everything for the flu lol,2,0,2020-03-19 14:20:39+00:00
100003,1241490217217011718,false,@Diggrich_ @IllMortalDeity @King_Of_Bait @willchamberlain Show me an American physician who says we should be going‚Ä¶ https://t.co/QBOT1qRAo6,0,0,2020-03-21 22:21:48+00:00
100003,1239520383088250882,false,#FlattenTheCurve is important! I am stunned there are people still trying to go out b/c they believe Covid-19 is ju‚Ä¶ https://t.co/TgkCFTxzpG,0,0,2020-03-16 11:54:23+00:00
100003,1239934630905753600,false,what makes y‚Äôall qualified to say covid-19 is ‚Äújust like the flu‚Äù are y‚Äôall microbiologists? shut the hell up,31,5,2020-03-17 15:20:27+00:00
100003,1240051588695093248,false,Why do u ppl keep saying COVID-19 is just like the flu ???,1,0,2020-03-17 23:05:12+00:00
100003,1242213785487781892,false,"For anyone STILL who thinks Covid-19 is just like the flu:
-From Oct 1, 2019 to Feb 1,2020 (4months) the flu killed‚Ä¶ https://t.co/QPprFl6Hwk",9,0,2020-03-23 22:17:00+00:00
100003,1238325240536551424,false,For those who think that #Covid_19 is just like the #flu  think again (stats from Italy) https://t.co/w2YqpSreIz,0,0,2020-03-13 04:45:18+00:00
100003,1240647300025929734,false,"Math to consider for those who think or say Covid-19 is just like the flu, which kills roughly 30k - 60k Americans‚Ä¶ https://t.co/LOT6hkEGiK",3,2,2020-03-19 14:32:21+00:00
100003,1241477679167057920,false,"@TheRickWilson It HAS to, right? I asked this early-whether there will be proportionately more GOP deaths than Demo‚Ä¶ https://t.co/NOAikChFUT",0,0,2020-03-21 21:31:58+00:00
100003,1242139277154299911,false,"@likaluca Yes, scary indeed but a must read for those that thinks covid-19 is just like the flu .. and/or is a joke.  Stay home.",0,0,2020-03-23 17:20:56+00:00
100003,1238248638528327680,false,I just realize: what if COVID-19 is just like the flu (which freaked everyone out back in the 18th Century?) and th‚Ä¶ https://t.co/YX0Lq5nswe,0,0,2020-03-12 23:40:55+00:00
100003,1239411377262833664,false,"@Grayman1995 @mtracey I agree, the media has major culpability for them not being trusted... but I also understand‚Ä¶ https://t.co/vVTdKiYT2r",0,0,2020-03-16 04:41:14+00:00
100003,1242991951701356546,false,"@gunsnrosesgirl3 ‚ÄúCOVID-19 is just like the flu.‚Äù In a nation run by an anti-science cabal oozing with sycophancy,‚Ä¶ https://t.co/XBN0iYxvn4",0,0,2020-03-26 01:49:09+00:00
100003,1239334321326096384,false,@16NationalChamp @cloudypeeps @sxsw I have to ask... do you still think we should have held SXSW because COVID-19 is just like the flu? :P,0,0,2020-03-15 23:35:02+00:00
100003,1238204465624170497,false,People on my facebook saying this is all an overreaction that the media is pushing and COVID-19 is just like the fl‚Ä¶ https://t.co/vxphlrQvBx,62,4,2020-03-12 20:45:23+00:00
100003,1240815953702723584,false,"Informed News Outlets: ""Just stay calm, wash your hands, and try to stay home ! Covid-19 is just like the flu but a‚Ä¶ https://t.co/QoNbiw0JZx",1,0,2020-03-20 01:42:31+00:00
100003,1240069499132338176,false,@realDonaldTrump Will you be calling it the American Virus when it starts here?   Good move on recounting your stat‚Ä¶ https://t.co/czUhiw3TTD,0,0,2020-03-18 00:16:22+00:00
100003,1238780984415444992,false,Just wanted everyone to know Kendall Jenner just said that Covid-19 is just like the flu. So I hope she gets it so‚Ä¶ https://t.co/ErSr67GbQO,2,0,2020-03-14 10:56:16+00:00
100003,1241509907259523072,false,Please #share this story/video widely - especially with friends/family who think #Covid_19 is ‚Äújust like the flu‚Äù -‚Ä¶ https://t.co/wU6wDHVhi8,7,8,2020-03-21 23:40:02+00:00
100003,1238283423699140608,false,@LesleyMillercyp @WJimmy1977 @silviast9 It wasn't ME claiming COVID-19 is just like the flu. I responded solely wit‚Ä¶ https://t.co/cUaDbmDP8p,0,0,2020-03-13 01:59:09+00:00
100003,1241791031240253444,false,"Still think that COVID-19 is ""just like the flu"" and ""only affects older people""? Watch this video and then think a‚Ä¶ https://t.co/B65ST33Mpj",1,3,2020-03-22 18:17:07+00:00
100003,1240322732115611649,false,"Valuable chart to share with anyone who still thinks COVID-19 is ""just like the flu"" https://t.co/q3KaZHPgSu",0,0,2020-03-18 17:02:38+00:00
100003,1239374019633217536,false,"MISCONCEPTIONS

¬†1.) COVID-19 is just like the flu/another strain of the flu.

¬†2.) COVID-19 is not as infectious n‚Ä¶ https://t.co/hci6eDevAi",0,0,2020-03-16 02:12:47+00:00
100003,1239975942820229129,false,"I still have friends on Facebook insisting COVID-19 is:

‚Ä¢ Just like the flu
‚Ä¢ No worse than H1N1
‚Ä¢ Media hysteria‚Ä¶ https://t.co/JZG6jbZh8Y",31,0,2020-03-17 18:04:37+00:00
100003,1241806978260914183,false,Here is a handy graphic to share the next time someone wants to tell you that COVID-19 is just like the flu https://t.co/QzZ219vVs5,2,1,2020-03-22 19:20:29+00:00
100003,1242088874924441602,false,"@e_veritas_unum @FelixYriarte @TheWillRogers @Voyboy You responded to my argument by claiming that:
1- I argued tha‚Ä¶ https://t.co/S7W8f5xll2",0,0,2020-03-23 14:00:39+00:00
100003,1239630187282628608,false,natural selection is defined by the ppl who say COVID-19 is just like the flu,1,0,2020-03-16 19:10:42+00:00
100003,1238475259831033856,false,"For those people saying COVID- 19 is just like the flu pandemic: sure, except that that during the flu pandemic a c‚Ä¶ https://t.co/1sMIn61xZu",4,0,2020-03-13 14:41:26+00:00
100003,1240341381773549568,false,"Dr. Gold: Discussed how vital it is to pass information quickly.

Now wants to discuss some rumors that need dispel‚Ä¶ https://t.co/HLLrj7vR79",9,1,2020-03-18 18:16:44+00:00
100003,1239758275555422209,false,"@realDonaldTrump 

If 50% of the patients in France are under 50 years of age, why the continued disinformation in‚Ä¶ https://t.co/LLUChSuA1K",0,0,2020-03-17 03:39:41+00:00
100003,1239884875337011202,false,"@CWinton83 @SwissMom49 @mysticalblends @Baligubadle1 @funder @realDonaldTrump So, Corey, you are an infectious dise‚Ä¶ https://t.co/cB91t8ot0C",0,0,2020-03-17 12:02:44+00:00
100003,1239024489398222848,false,"But, sporting events, concerts, Disney are all closed for a reason. COVID-19 is just like the flu. Realistically we‚Ä¶ https://t.co/ITJsqiHjln",0,0,2020-03-15 03:03:52+00:00
100003,1238486277483376643,false,"I get people who want to remain calm over this situation but stop saying COVID-19 is ‚Äújust like the flu‚Äù, the flu k‚Ä¶ https://t.co/sxsfA1RKf3",5,1,2020-03-13 15:25:13+00:00
100003,1238512387248009216,false,We must dispel the myth that COVID-19 is just like the flu. Here‚Äôs a handy infographic to explain why it‚Äôs not. (Th‚Ä¶ https://t.co/ZGS0Ib0EOk,7,4,2020-03-13 17:08:58+00:00
100003,1239510439920316416,false,@SamHeughan The headline of this article seems misleading and is a bit irresponsible as it perpetuates the false be‚Ä¶ https://t.co/s69EaLTmGM,8,0,2020-03-16 11:14:52+00:00
100003,1240806532226461696,false,@thehill PATHETIC. Shifting blame to governors. The man who said COVID-19 is just like the flu.,7,1,2020-03-20 01:05:05+00:00
100003,1240338805187465217,false,everyone saying COVID-19 is just like the flu sound ignorant as fuck. when have entire countries shut down due to t‚Ä¶ https://t.co/V1Nvuqfr8L,2,1,2020-03-18 18:06:30+00:00
100005,1243514400851611648,false,"Cats and dogs spread coronavirus

Currently, there is little evidence that SARS-CoV-2 can infect cats and dogs. How‚Ä¶ https://t.co/MJjcY3Klf0",0,0,2020-03-27 12:25:11+00:00
100003,1235510683179061249,false,DT wants to defraud Americans into believing COVID-19 is just like the flu where you can even go to work &amp; with tim‚Ä¶ https://t.co/p6wu1nfdie,0,0,2020-03-05 10:21:16+00:00
100003,1237724825843572742,false,"@gtconway3d My neighbor, a committed Trumper, told me the cornoravirus [COVID-19] is just like the flu; nothing to‚Ä¶ https://t.co/UbRk7l2hql",8,1,2020-03-11 12:59:28+00:00
100007,1244286066460418049,false,Do hand dryers kill coronavirus? Does garlic protect you? Health experts have answers https://t.co/tdzgLLMzF1 https://t.co/fE4PClaozi,0,0,2020-03-29 15:31:30+00:00
100007,1245764856835342338,false,"Do hand dryers kill coronavirus? What about gargling water? Lemon juice!?

Doctors @DrRitaIssa and @timeshpillay ar‚Ä¶ https://t.co/6B8NMMJdZ2",34,14,2020-04-02 17:27:41+00:00
100005,1242958697606733824,false,"6. Cats and dogs spread coronavirus
Currently, very little evidence. However, in Hong Kong, a Pomeranian whose owne‚Ä¶ https://t.co/oQeuMJRhm9",2,1,2020-03-25 23:37:01+00:00
100003,1237461765564387328,false,"Ah. So there's going to be socialism for oil executives, billionaires. But, Covid-19 is just like the flu. It doesn‚Ä¶ https://t.co/bziPhj7z5Y",0,1,2020-03-10 19:34:10+00:00
100003,1236672699075825664,false,"@Mikeggibbs But he didn't directly say, or even hint at, that COVID-19 is just like the flu. And the medical advice‚Ä¶ https://t.co/rxRnKKP9VW",0,0,2020-03-08 15:18:42+00:00
100003,1237037722042155009,false,@realDonaldTrump So @tedcruz you don't need to self quarantine your buddy thinks you're perfectly fine and covid-19‚Ä¶ https://t.co/mfcJIpg0sE,0,0,2020-03-09 15:29:10+00:00
100003,1237965748372299777,false,@AOC 4/Tell the truth.  I have watched Press Conferences where completely wrong information was provided to the pub‚Ä¶ https://t.co/2yt5SAii9s,0,0,2020-03-12 04:56:49+00:00
100003,1232831704345251840,false,"Trump says COVID-19 is just like the flu. 

Flu mortality is about 14.3 per 100,000 cases.

COVID-19 mortality is c‚Ä¶ https://t.co/VIAb2wZUb5",131,75,2020-02-27 00:55:57+00:00
100003,1235267210974613504,false,"My grandmother watches Fox so she thinks the CoVID-19 is ‚Äújust like the flu.‚Äù 

It‚Äôs 34x more deadly, 148x more dea‚Ä¶ https://t.co/XZT8D0qziJ",12,9,2020-03-04 18:13:47+00:00
100004,1252654573166051329,false,@kreees @Hsweeney_4 @benshapiro So you‚Äôre saying everyone with covid-19 dies? What‚Äôs the mortality rate? And what‚Äôs‚Ä¶ https://t.co/mf8KjTcLq8,0,0,2020-04-21 17:44:58+00:00
100003,1237932914362454019,false,"@Smith31Kev Great source of information for anyone who thinks COVID-19 is just like the flu:
https://t.co/4ypfAVSWwE",0,0,2020-03-12 02:46:21+00:00
100003,1232227557900259330,false,"@acarrillonews So if, #Covid_19 is, ‚Äújust like the flu.‚Äù  Why are we seeing massive quarantines now?",0,0,2020-02-25 08:55:18+00:00
100003,1238089078530347018,false,"Right, just so I'm clear on this, Covid-19 is just like the flu yea?",1,0,2020-03-12 13:06:53+00:00
100003,1233758272718622721,false,@MyNameIsMatt12 @jaketapper You are 1/2 correct thousand already infected  which means mortality rate is provably l‚Ä¶ https://t.co/RYClASPB3R,0,0,2020-02-29 14:17:48+00:00
100005,1245384783867400198,false,"@ActivistaNG @ActionAidNG @Okwuosamj Myth 5:
Cats and dogs spread Coronavirus..... true or false?",2,1,2020-04-01 16:17:25+00:00
100003,1237552188215283715,false,"everyone: COVID-19 is just like the flu!!! Stop freaking out! 
PSA: And the flu can just as easily kill people like‚Ä¶ https://t.co/GfDzqZY3ER",1,0,2020-03-11 01:33:28+00:00
100003,1238089317802795008,false,"@MSNBC @SavannahGuthrie ""Irresponsible rhetoric""??
Remember Trump saying COVID-19 is just like the flu?
Remember Pe‚Ä¶ https://t.co/fZMlyVNpKd",6,4,2020-03-12 13:07:50+00:00
100003,1233757539231322112,false,@jaketapper COVID-19 is just like the flu. STOP scaring people.  This is insane. You guys are clowns.,0,0,2020-02-29 14:14:54+00:00
100003,1236276515135840256,false,"People keep saying that COVID - 19 is just like the flu, lmao yea like the flu until hospitals can't take care of y‚Ä¶ https://t.co/EmAZkF9R0m",4,0,2020-03-07 13:04:24+00:00
100003,1237582027437641734,false,got back on snapchat and first thing i see is some dumbass saying covid-19 is just like the flu üòî https://t.co/gt0dTfIrPc,0,0,2020-03-11 03:32:03+00:00
100003,1237511967499104257,false,Im tired of people saying that covid-19 is just ‚Äúlike the flu‚Äù and that ‚Äúheaps more people die with the flu‚Äù uhhh y‚Ä¶ https://t.co/MFoewLpmnR,0,0,2020-03-10 22:53:39+00:00
100003,1237804934759882754,false,"Anyone telling you that COVID-19 is just like the flu 

1. Does not know what they are talking about

2. Is not up‚Ä¶ https://t.co/f78lBjxrGG",189,51,2020-03-11 18:17:48+00:00
100003,1234566237314666496,false,"@PlanetFPLPod To suggest COVID-19 is just like the flu is to buy in to disinformation fellas.
For example, COVID-19‚Ä¶ https://t.co/kM4kqNcC4P",2,0,2020-03-02 19:48:22+00:00
100003,1236097805074169856,false,"For anyone who says Covid-19 is ""just like the flu"" or over-exaggerated . Also for people on the opposite end of th‚Ä¶ https://t.co/cixbKf0cLl",1,0,2020-03-07 01:14:16+00:00
100003,1237621647005249537,false,"If you continue to think that Covid-19 is just like the ‚Äòflu, I urge you to listen to this podcast. #COVID19  https://t.co/8I2Vai25DB",1,0,2020-03-11 06:09:29+00:00
100003,1236492307790102528,false,"For anyone tired of hearing people saying COVID-19  ""is just like the flu"" or ""is not as lethal as the flu"", send t‚Ä¶ https://t.co/6n5pko30em",11,3,2020-03-08 03:21:53+00:00
100003,1237534484406263808,false,why are schools closing for a virus I literally do not get it...COVID-19 is just like the flu why are we flipping t‚Ä¶ https://t.co/yT4CnHRWy5,19,1,2020-03-11 00:23:08+00:00
100004,1236691906211598337,false,"@AliRuhiali1983 Important-

Myth to Know about Coronavirus 

1. Spraying chlorine or alcohol on skin kills viruses‚Ä¶ https://t.co/V9nk0IkZbM",1,1,2020-03-08 16:35:01+00:00
100005,1236691906211598337,false,"@AliRuhiali1983 Important-

Myth to Know about Coronavirus 

1. Spraying chlorine or alcohol on skin kills viruses‚Ä¶ https://t.co/V9nk0IkZbM",1,1,2020-03-08 16:35:01+00:00
100004,1236627980086108161,false,"Important-

Myth to Know about Coronavirus 

1. Spraying chlorine or alcohol on skin kills viruses in the body
2. E‚Ä¶ https://t.co/tY8yUGWMzP",5,4,2020-03-08 12:21:00+00:00
100005,1236627980086108161,false,"Important-

Myth to Know about Coronavirus 

1. Spraying chlorine or alcohol on skin kills viruses in the body
2. E‚Ä¶ https://t.co/tY8yUGWMzP",5,4,2020-03-08 12:21:00+00:00
100003,1238084679728795649,false,"If you think #Covid_19 is ‚Äújust like the flu‚Äù, do the world a favor and just keep it to yourself for the next month‚Ä¶ https://t.co/SxNLP09WVN",1,1,2020-03-12 12:49:24+00:00
100003,1236758341143199753,false,"https://t.co/mlATClt3bA
""Covid-19 is just like the flu!""
Let's compare.
""the severe flu season of 2017-2018 ... (le‚Ä¶ https://t.co/PAVIarNKPo",2,1,2020-03-08 20:59:01+00:00
100003,1238038429738426368,false,"@kurteichenwald Prudent &amp; protective dad. We can't rely on incompetent/ negligent #Leadershit to save any of us.
Hu‚Ä¶ https://t.co/xLuhObyOQC",0,0,2020-03-12 09:45:37+00:00
100003,1237169826919055361,false,I don‚Äôt understand how people can think COVID-19 is just like the flu...it is a mutation that is only 3 months old‚Ä¶ https://t.co/1UtVs7haiT,3,0,2020-03-10 00:14:06+00:00
100003,1228240335031107584,false,But tell me how Covid-19 is just like the flu. https://t.co/7lbhmIVRML,0,0,2020-02-14 08:51:30+00:00
100003,1232827951625986050,false,"Over in the US üá∫üá∏, the president informed us that COVID-19 is ‚Äújust like the flu.‚Äù Nothing to worry about. Do what‚Ä¶ https://t.co/aOWyrIFwqP",0,0,2020-02-27 00:41:03+00:00
100007,1245385912902615040,false,"@ActivistaNG @ActionAidNG @Okwuosamj Myth 7.
Hand dryers kill Coronavirus........ true or false?",3,2,2020-04-01 16:21:54+00:00
100005,1241350499636367360,false,Who is now spreading this  unscientific claim that pets (cats and dogs) spread #coronavirus and inturn abandoning t‚Ä¶ https://t.co/7wWtkEwlOe,29,8,2020-03-21 13:06:36+00:00
100003,1233756443280642058,false,@AOC OMG if you understood anything about science you would know COVID-19 is just like the flu.        PLEASE stop‚Ä¶ https://t.co/3rgV8jcotO,0,0,2020-02-29 14:10:32+00:00
100005,1243969054139797506,false,"3. Cats and dogs spread coronavirus\

Currently, there is little evidence that SARS-CoV-2 can infect cats and dogs.‚Ä¶ https://t.co/kCTYDVp3Zs",0,0,2020-03-28 18:31:48+00:00
100003,1232894774207664128,false,"A 6th thought on the news conference:

Trump said COVID-19 is just like the flu.

Current death rate  for flu is 0.‚Ä¶ https://t.co/tGvbC3AD0Y",0,1,2020-02-27 05:06:34+00:00
100003,1232824430021079040,false,POTUS: ‚Äú[COVID-19] is just like the flu. And pretty soon we‚Äôll have a flu shot for it.‚Äù Pretty sure it doesn‚Äôt work‚Ä¶ https://t.co/7wUv5TrCIR,2,0,2020-02-27 00:27:03+00:00
100004,1236692357476691968,false,"@imVkohli Important-

Myth to Know about Coronavirus 

1. Spraying chlorine or alcohol on skin kills viruses in the‚Ä¶ https://t.co/n0J5yX9hqP",1,0,2020-03-08 16:36:49+00:00
100005,1236692357476691968,false,"@imVkohli Important-

Myth to Know about Coronavirus 

1. Spraying chlorine or alcohol on skin kills viruses in the‚Ä¶ https://t.co/n0J5yX9hqP",1,0,2020-03-08 16:36:49+00:00
100004,1236691668356796416,false,"@IvankaTrump Important-

Myth to Know about Coronavirus 

1. Spraying chlorine or alcohol on skin kills viruses in‚Ä¶ https://t.co/EIy0EVBJB9",1,0,2020-03-08 16:34:05+00:00
100005,1236691668356796416,false,"@IvankaTrump Important-

Myth to Know about Coronavirus 

1. Spraying chlorine or alcohol on skin kills viruses in‚Ä¶ https://t.co/EIy0EVBJB9",1,0,2020-03-08 16:34:05+00:00
100003,1232339103175319554,false,@SenSchumer Why don't you start with NY and tell DOH officials to get their heads out of their asses. All you polit‚Ä¶ https://t.co/GDNvxH622w,0,0,2020-02-25 16:18:32+00:00
100003,1237720654918619136,false,"To those saying Covid-19 is just like the flu and that ‚Äòthey‚Äôll be grand‚Äô, what about those who aren‚Äôt as lucky to‚Ä¶ https://t.co/QFwvczdZdU",3,0,2020-03-11 12:42:54+00:00
100004,1243514215165562880,false,"Everyone with COVID-19 dies

This statement is untrue. As we have mentioned above, COVID-19 is only fatal for a small percentage of people.",0,0,2020-03-27 12:24:26+00:00
100004,1245384238897205250,false,"@ActivistaNG @ActionAidNG @Okwuosamj Myth 4:
Everyone with COVID -19 dies.....is this true?",3,2,2020-04-01 16:15:15+00:00
100003,1232944004570001408,false,Message to all #Trump supporters. Don't listen to him when he says #COVID-19 is just like the flu. Put this in numb‚Ä¶ https://t.co/ZTAoWNPXUj,0,0,2020-02-27 08:22:12+00:00
100003,1237070651560579072,false,"So COVID-19 is ""just like the flu,"" huh? https://t.co/4cT5QiYMg3",0,0,2020-03-09 17:40:01+00:00
100003,1235203055496331265,false,For everyone who still thinks Covid-19 is just like the flu. Contact tracing is our chance to save lives. Again - d‚Ä¶ https://t.co/ccGuhUCuZz,0,0,2020-03-04 13:58:52+00:00
100004,1243536985744199680,false,"24 #coronavirus myths busted - 20 Mar 2020
https://t.co/vGAOZNLDj0

5. Everyone with COVID-19 dies
7. Face masks pr‚Ä¶ https://t.co/TME0tjg1vo",0,0,2020-03-27 13:54:55+00:00
100003,1236650704758071297,false,Me whenever people say COVID 19 is just like the flu or that the flu is worse https://t.co/acqUtIrcRz,1,1,2020-03-08 13:51:18+00:00
100004,1242474843137703938,false,"3. Everyone with COVID-19 dies

COVID-19 is only fatal for a small percentage of people.

In a recent report, the C‚Ä¶ https://t.co/ExMgnWmCgH",0,0,2020-03-24 15:34:21+00:00
100003,1238093069007958020,false,"@ai6yrham I‚Äôve had several young adults (college age) tell me COVID-19 is ‚Äújust like the flu (influenza).‚Äù 
My repl‚Ä¶ https://t.co/Q3mHYkcB7m",4,0,2020-03-12 13:22:44+00:00
100003,1237902125704888322,false,"@SheriffClarke It's a Democrat Party hoax! Also, the Chinese created it to make Trump look bad! Also, COVID-19 is j‚Ä¶ https://t.co/S3l3Br6TKX",1,1,2020-03-12 00:44:00+00:00
100003,1237897816275443717,false,Does anyone else get annoyed every time someone says covid-19 is ‚Äújust like the flu‚Äù?,2,0,2020-03-12 00:26:53+00:00
100003,1235663689455407104,false,"Work had a meeting about COVID-19. Major takeaways:

*You really should already be washing your hands and stuff, it‚Ä¶ https://t.co/zzH3LwMhA4",8,0,2020-03-05 20:29:15+00:00
100003,1237186223480819713,false,"People who are saying COVID-19 is ""just like the flu"" have no clue what they're talking about. The influenza pandem‚Ä¶ https://t.co/zrOQyaWOdL",1,0,2020-03-10 01:19:16+00:00
100004,1236692122725736452,false,"@SamiYusuf Important-

Myth to Know about Coronavirus 

1. Spraying chlorine or alcohol on skin kills viruses in th‚Ä¶ https://t.co/PFql7LAMwn",1,0,2020-03-08 16:35:53+00:00
100005,1236692122725736452,false,"@SamiYusuf Important-

Myth to Know about Coronavirus 

1. Spraying chlorine or alcohol on skin kills viruses in th‚Ä¶ https://t.co/PFql7LAMwn",1,0,2020-03-08 16:35:53+00:00
100003,1233880402344828928,false,"Remember: 

Seasonal flu is *very different* to pandemic flu.

If someone says ""Covid-19 is just like the flu"", che‚Ä¶ https://t.co/nbBd9ew148",21,7,2020-02-29 22:23:06+00:00
100003,1237743384955101184,false,"@fascinatorfun @IanDunt Isolated, so safe from #COVID19 right? But isolation didn't save isolated people from the S‚Ä¶ https://t.co/y6wX3JyUuX",4,1,2020-03-11 14:13:13+00:00
100003,1237252345572012032,false,I hope everyone on the COVID-19 ‚Äúis just like the flu‚Äù has repented. That nigga ain‚Äôt like no flu. The flu unmanage‚Ä¶ https://t.co/6eb6xeIOsG,2,3,2020-03-10 05:42:00+00:00
100003,1237383743838416898,false,It‚Äôs SO dangerous to have NO medical degree and just tell people that Covid-19 is just like the flu. My husbands bo‚Ä¶ https://t.co/9wCNep9lTF,1,0,2020-03-10 14:24:08+00:00
100003,1236285130085466112,false,"I'm rarely on @Facebook anymore. I posted a video of dogs smiling and they removed it saying it was spam, but posts‚Ä¶ https://t.co/ad3ek6Irlo",0,0,2020-03-07 13:38:38+00:00
100004,1236692012893704193,false,"@BlairConors Important-

Myth to Know about Coronavirus 

1. Spraying chlorine or alcohol on skin kills viruses in‚Ä¶ https://t.co/G4PTVRD0is",1,0,2020-03-08 16:35:27+00:00
100005,1236692012893704193,false,"@BlairConors Important-

Myth to Know about Coronavirus 

1. Spraying chlorine or alcohol on skin kills viruses in‚Ä¶ https://t.co/G4PTVRD0is",1,0,2020-03-08 16:35:27+00:00
100003,1235999592090484736,false,@jimsciutto My mom and I were in the store the other day and passed two guys talking about COVID-19 (Coronavirus).‚Ä¶ https://t.co/7tKPGHJEy7,0,0,2020-03-06 18:44:01+00:00
100005,1224095170477481984,false,A local Chinese media outlet misconstrued a doctor‚Äôs warning to quarantine pets that have come into contact with in‚Ä¶ https://t.co/ERcblHiGpl,1,1,2020-02-02 22:20:05+00:00
100007,1244332460206260224,false,Do hand dryers kill coronavirus? Does garlic protect you? Health experts have answers https://t.co/xdN7zKXOVn,0,0,2020-03-29 18:35:51+00:00
100003,1237998799060000768,false,"We have heard a lot of talk about how COVID-19 is just like the flu, not to be taken seriously. 

There seems to be‚Ä¶ https://t.co/nxqDY8m4hL",0,0,2020-03-12 07:08:09+00:00
100003,1236302828999544833,false,Should I be worried that I‚Äôve seen more and more people thinking ‚Äúwhat if covid 19 is just like the flu?‚Äù Even at 0‚Ä¶ https://t.co/b9uIbmkdze,7,0,2020-03-07 14:48:58+00:00
100003,1236747964317646848,false,People who say that COVID-19 is just like the flu and it‚Äôs not a big deal are in for a big shock when countries fin‚Ä¶ https://t.co/1WDCOeDqbU,1,0,2020-03-08 20:17:47+00:00
100003,1237857485186150400,false,"To all the people my age saying #Covid_19 is just like the flu and it‚Äôs no big deal. 
STOP
You‚Äôre washing your hand‚Ä¶ https://t.co/2RMjXj3FPO",0,0,2020-03-11 21:46:37+00:00
100003,1236191061128642561,false,"People saying ""Covid-19 is just like the flu, sure what's the big deal"" is the best indicator of stupidity for some time.",3,0,2020-03-07 07:24:50+00:00
100004,1242958696780455936,false,"5. Everyone with COVID-19 dies
This statement is untrue. As we have mentioned above, COVID-19 is only fatal for a s‚Ä¶ https://t.co/8SZhZtaqTU",2,1,2020-03-25 23:37:01+00:00
100003,1237357386995826690,false,"If you still think COVID-19 is just like the flu, Italian physicians on the ground are saying otherwise. https://t.co/BT2cTwoCXi",0,0,2020-03-10 12:39:24+00:00
100011,1239324720383705088,false,"""You can protect yourself by gargling bleach"" üòÅ

Can't catch #coronavirus if you're already dead üôÇ",0,0,2020-03-15 22:56:53+00:00
100012,1242958702556016640,false,"10. Antibiotics kill coronavirus
Antibiotics only kill bacteria AND NOT  viruses.",5,2,2020-03-25 23:37:02+00:00
100008,1245386289442144260,false,"@ActivistaNG @ActionAidNG @Okwuosamj Myth 8:
SARS-COV-2 is just a mutated form of the common cold........true or false?",3,2,2020-04-01 16:23:24+00:00
100011,1243922136026284032,false,"Scary this myth even needs busting:

‚Äú12. You can protect yourself by gargling bleach

There are no circumstances i‚Ä¶ https://t.co/MfWBMHOyFk",0,0,2020-03-28 15:25:22+00:00
100023,1245392712607694860,false,"@ActivistaNG @ActionAidNG @Okwuosamj Myth 23:
The outbreak began because people ate bat soup........, true or false?",3,2,2020-04-01 16:48:55+00:00
100012,1248734352499933185,false,@GoldenTent Simple antibiotics kill germs and coronavirus is a germ therefore antibiotics kill coronavirus. But if‚Ä¶ https://t.co/5uXa9o3mMn,0,0,2020-04-10 22:07:24+00:00
100018,1245391200833724418,false,"@ActivistaNG @ActionAidNG @Okwuosamj Myth 18:
You can catch coronavirus from urine and feces...........true or false?",4,2,2020-04-01 16:42:55+00:00
100012,1245786579131674626,false,"(1/3) As students in medicine, we get plenty of questions about what ‚Äúthe secret‚Äù is. Will blowing the inside of my‚Ä¶ https://t.co/GMfwtlsmOp",1,1,2020-04-02 18:54:00+00:00
100022,1245392296092319755,false,"@ActivistaNG @ActionAidNG @Okwuosamj Myth 22:
The virus originated in a laboratory in China......., true or false?",1,0,2020-04-01 16:47:16+00:00
100013,1245388723568685056,false,"@ActivistaNG @ActionAidNG @Okwuosamj Myth 13:
Thermal scanners can diagnose coronavirus.........,true or false?",2,1,2020-04-01 16:33:04+00:00
100007,1236627984683020288,false,"6. Hand dryers kill coronavirus
7. Rinsing the nose with saline protects against coronavirus
8. You can protect you‚Ä¶ https://t.co/ST06yeydml",0,1,2020-03-08 12:21:01+00:00
100010,1236627984683020288,false,"6. Hand dryers kill coronavirus
7. Rinsing the nose with saline protects against coronavirus
8. You can protect you‚Ä¶ https://t.co/ST06yeydml",0,1,2020-03-08 12:21:01+00:00
100011,1236627984683020288,false,"6. Hand dryers kill coronavirus
7. Rinsing the nose with saline protects against coronavirus
8. You can protect you‚Ä¶ https://t.co/ST06yeydml",0,1,2020-03-08 12:21:01+00:00
100012,1236627984683020288,false,"6. Hand dryers kill coronavirus
7. Rinsing the nose with saline protects against coronavirus
8. You can protect you‚Ä¶ https://t.co/ST06yeydml",0,1,2020-03-08 12:21:01+00:00
100013,1236627984683020288,false,"6. Hand dryers kill coronavirus
7. Rinsing the nose with saline protects against coronavirus
8. You can protect you‚Ä¶ https://t.co/ST06yeydml",0,1,2020-03-08 12:21:01+00:00
100014,1236627984683020288,false,"6. Hand dryers kill coronavirus
7. Rinsing the nose with saline protects against coronavirus
8. You can protect you‚Ä¶ https://t.co/ST06yeydml",0,1,2020-03-08 12:21:01+00:00
100016,1245390249498476544,false,"@ActivistaNG @ActionAidNG @Okwuosamj Myth 16:
Home remedies can cure and protect against COVID-19.........is this true or false?",2,1,2020-04-01 16:39:08+00:00
100007,1242958699624148992,false,"8. Hand dryers kill coronavirus
Hand dryers DONT KILL. Only soap and water is the best way followed by alcohol base‚Ä¶ https://t.co/vVVCBb6Ga3",2,1,2020-03-25 23:37:01+00:00
100007,1238410826320576512,false,Can hand dryers kill coronavirus?#coronavirusinKenya,0,0,2020-03-13 10:25:24+00:00
100007,1240537749632872448,false,"#Coronavirus - Common Myths:

‚òõ Everyone with #COVID19 dies
‚òõ Hand dryers kill coronavirus
‚òõ Antibiotics kill coron‚Ä¶ https://t.co/u1wOhOrU7H",0,0,2020-03-19 07:17:02+00:00
100012,1240537749632872448,false,"#Coronavirus - Common Myths:

‚òõ Everyone with #COVID19 dies
‚òõ Hand dryers kill coronavirus
‚òõ Antibiotics kill coron‚Ä¶ https://t.co/u1wOhOrU7H",0,0,2020-03-19 07:17:02+00:00
100011,1245195389587914752,false,"24 #coronavirus myths busted - 20 Mar 2020
https://t.co/vGAOZNLDj0

5. Everyone with #COVID19 dies
7. Face masks pr‚Ä¶ https://t.co/n76NCWVEH1",0,0,2020-04-01 03:44:50+00:00
100022,1243151242194489345,false,"Myth 24: ""The virus originated in a laboratory in China""

 - Despite the swathes of internet rumors, there is no ev‚Ä¶ https://t.co/IXbtobPjRR",0,0,2020-03-26 12:22:07+00:00
100008,1242958700588851201,false,"9. SARS-CoV-2 is just a mutated form of the common cold
All Coronaviruses belong to family of coronoviridae and hav‚Ä¶ https://t.co/9lnNcjoSLb",3,2,2020-03-25 23:37:01+00:00
100013,1242958703436824576,false,"14. Thermal scanners can diagnose coronavirus
Thermal scanners can detect only fever that can be caused by many rea‚Ä¶ https://t.co/vCg2DqoClf",1,1,2020-03-25 23:37:02+00:00
100012,1245388515749347334,false,"@ActivistaNG @ActionAidNG @Okwuosamj Myth 12:
Antibiotics kill coronavirus........., true or false?",2,1,2020-04-01 16:32:15+00:00
100014,1245388946370105344,false,"@ActivistaNG @ActionAidNG @Okwuosamj Myth 14:
Garlic protects against coronaviruses.......is this true or false?",2,1,2020-04-01 16:33:57+00:00
100007,1234599421704392706,false,"WHO Myth-busters on coronavirus: 
Q: Can hand dryers kill coronavirus? A: No
Q: Can ultraviolet disinfection lamps‚Ä¶ https://t.co/gpobcC4knA",1,0,2020-03-02 22:00:14+00:00
100011,1245388295154139138,false,"@ActivistaNG @ActionAidNG @Okwuosamj Myth 11:
You can protect yourself by gargling bleach.....true or false?",3,2,2020-04-01 16:31:22+00:00
100012,1245848656370073600,false,‚ÑπÔ∏è #coronavirus / COVID-19 Mythconception: ‚ÄúAntibiotics kill coronavirus.‚Äù NOT TRUE. Antibiotics can kill bacteria‚Ä¶ https://t.co/B8NnA26sZE,1,0,2020-04-02 23:00:41+00:00
100022,1251517138126270465,false,"I actually saw a pretty solid argument through Fox news, of all places: let's say the virus originated in a laborat‚Ä¶ https://t.co/qqfPuOsd0O",0,0,2020-04-18 14:25:12+00:00
100022,1240247344131493888,false,@MuraliPriya13 @CarmineSabia @realDonaldTrump Are you kidding me?I never knew I had the power to deceive the world.‚Ä¶ https://t.co/HVJxW41Lq4,4,0,2020-03-18 12:03:04+00:00
100004,1243536985744199680,false,"24 #coronavirus myths busted - 20 Mar 2020
https://t.co/vGAOZNLDj0

5. Everyone with COVID-19 dies
7. Face masks pr‚Ä¶ https://t.co/TME0tjg1vo",0,0,2020-03-27 13:54:55+00:00
100011,1243536985744199680,false,"24 #coronavirus myths busted - 20 Mar 2020
https://t.co/vGAOZNLDj0

5. Everyone with COVID-19 dies
7. Face masks pr‚Ä¶ https://t.co/TME0tjg1vo",0,0,2020-03-27 13:54:55+00:00
100011,1247125579343769602,false,"24 #coronavirus myths busted - 20 Mar 2020
https://t.co/vGAOZNLDj0

5. Everyone with #COVID19 dies
7. Face masks pr‚Ä¶ https://t.co/DQU9Ho5iis",1,1,2020-04-06 11:34:43+00:00
100015,1245389974977069057,false,"@ActivistaNG @ActionAidNG @Okwuosamj Myth 15:
Parcels from China can spread coronavirus..........is this true or false?",2,1,2020-04-01 16:38:02+00:00
100007,1243971778805764098,false,"5. Hand dryers kill coronavirus.

Hand dryers do not kill coronavirus. The best way to protect yourself and others‚Ä¶ https://t.co/hs9fSWJThJ",0,0,2020-03-28 18:42:38+00:00
100007,1242474835512446976,false,"#Coronavirus Myths You Mustn't believe
RT to save someone 

1. Hand dryers kill coronavirus

Hand dryers do not kil‚Ä¶ https://t.co/7H7yurf1qM",4,3,2020-03-24 15:34:19+00:00
100011,1242433744792727552,false,"Myth- You can protect yourself by gargling bleach

Reality- Bleach is corrosive and can cause serious damage

Be Al‚Ä¶ https://t.co/qmBI30w65O",0,0,2020-03-24 12:51:02+00:00
100003,1243627724742242308,false,"Myths about #COVID19

Only older adults are infected
Children cannot catch COVID-19
COVID-19 is just like the flu
E‚Ä¶ https://t.co/89Y8fZEpfJ",16,2,2020-03-27 19:55:29+00:00
100012,1243627724742242308,false,"Myths about #COVID19

Only older adults are infected
Children cannot catch COVID-19
COVID-19 is just like the flu
E‚Ä¶ https://t.co/89Y8fZEpfJ",16,2,2020-03-27 19:55:29+00:00
100019,1243627724742242308,false,"Myths about #COVID19

Only older adults are infected
Children cannot catch COVID-19
COVID-19 is just like the flu
E‚Ä¶ https://t.co/89Y8fZEpfJ",16,2,2020-03-27 19:55:29+00:00
100015,1236627986717323264,false,"12. Parcels from China can spread coronavirus
13. Home remedies can cure and protect against COVID-19
14. You can c‚Ä¶ https://t.co/AkTrlB6bT8",0,1,2020-03-08 12:21:02+00:00
100016,1236627986717323264,false,"12. Parcels from China can spread coronavirus
13. Home remedies can cure and protect against COVID-19
14. You can c‚Ä¶ https://t.co/AkTrlB6bT8",0,1,2020-03-08 12:21:02+00:00
100018,1236627986717323264,false,"12. Parcels from China can spread coronavirus
13. Home remedies can cure and protect against COVID-19
14. You can c‚Ä¶ https://t.co/AkTrlB6bT8",0,1,2020-03-08 12:21:02+00:00
100011,1237401216671518721,false,"@mnt ""You can protect yourself by gargling bleach""

I think the larger question would be; how does one protect them‚Ä¶ https://t.co/jRvMPEuNcu",0,0,2020-03-10 15:33:34+00:00
100015,1243972480999387143,false,"6. Parcels from China can spread coronavirus.

From previous research into similar coronaviruses, including those t‚Ä¶ https://t.co/mGrMThQ8k8",0,0,2020-03-28 18:45:26+00:00
100019,1236627989036781569,false,"16. The virus will die off when temperatures rise in the spring
17. Coronavirus is the deadliest virus known to man‚Ä¶ https://t.co/6kkNLNvMjp",1,1,2020-03-08 12:21:02+00:00
100022,1236627989036781569,false,"16. The virus will die off when temperatures rise in the spring
17. Coronavirus is the deadliest virus known to man‚Ä¶ https://t.co/6kkNLNvMjp",1,1,2020-03-08 12:21:02+00:00
100023,1236627989036781569,false,"16. The virus will die off when temperatures rise in the spring
17. Coronavirus is the deadliest virus known to man‚Ä¶ https://t.co/6kkNLNvMjp",1,1,2020-03-08 12:21:02+00:00
100012,1244796039011303424,false,"What antibiotics kill coronavirus?

https://t.co/IEPEfTjbj3",0,0,2020-03-31 01:17:57+00:00
100011,1245291186073501696,false,"Myths or Facts¬†ü§∑üèæ‚Äç‚ôÇÔ∏è?

¬´¬†You can protect yourself by gargling bleach¬†¬ª, ¬´¬†the virus doesn‚Äôt survive in hot places¬†¬ª‚Ä¶ https://t.co/AS3pLvHl51",9,5,2020-04-01 10:05:29+00:00
100007,1240542439510663169,false,"#Coronavirus - Common Myths:

‚òõ Everyone with #COVID19 dies
‚òõ Hand dryers kill coronavirus
‚òõ Antibiotics kill coron‚Ä¶ https://t.co/Hjnj3zezlK",0,0,2020-03-19 07:35:40+00:00
100012,1240542439510663169,false,"#Coronavirus - Common Myths:

‚òõ Everyone with #COVID19 dies
‚òõ Hand dryers kill coronavirus
‚òõ Antibiotics kill coron‚Ä¶ https://t.co/Hjnj3zezlK",0,0,2020-03-19 07:35:40+00:00
